{"cameraMode":{"drawMode":0,"name":"Shaded","section":"Shading Mode"},"sceneLighting":false,"audioPlay":false,"sceneViewState":{"showFog":true,"showMaterialUpdate":false,"showSkybox":false,"showFlares":true,"showImageEffects":true,"showParticleSystems":true},"in2DMode":false,"pivot":{"x":13.149999618530274,"y":3.007211685180664,"z":-13.230865478515625},"rotation":{"x":-0.218374103307724,"y":0.701560914516449,"z":-0.24172241985797883,"w":-0.6338022947311401},"size":21.04403305053711,"orthographic":false}